StockKeyLabel,FisheriesGuild,F_FMSY,catches,landings,discards,FMSY,F,AssessmentYear,Year,SSB_MSYBtrigger,SSB,MSYBtrigger,Status,total
her.27.20-24,pelagic,1.34193548387097,41058,41058,NA,0.31,0.416,2019,2019,0.464953333333333,69743,150000,RED,286000
her.27.25-2932,pelagic,1.3,244365,244365,NA,0.22,0.286,2019,2019,1.40777166666667,844663,6e+05,RED,286000
her.27.28,pelagic,0.79375,NA,25747,NA,0.32,0.254,2019,2019,1.82063333333333,109238,60000,GREEN,286000
her.27.3031,pelagic,NA,97366,97366,NA,NA,1.744,NA,NA,NA,NA,NA,GREY,286000
spr.27.22-32,pelagic,1.06538461538462,NA,286000,NA,0.26,0.277,2018,2018,2.39649122807018,1366000,570000,RED,286000
